date,time,total_nodes,alive_nodes,dead_count,dead_nodes
2026-08-15,22:00:06.811281,35,35,0,""
2026-08-15,23:00:52.714990,35,35,0,""
2026-08-16,00:00:57.452780,35,35,0,""
2026-08-16,01:00:59.437987,35,35,0,""
2026-08-16,02:00:01.369808,35,35,0,""
2026-08-16,03:00:03.575675,35,35,0,""
2026-08-16,04:00:05.385026,35,35,0,""
2026-08-16,05:00:07.818510,35,35,0,""
2026-08-16,06:00:10.315264,35,35,0,""
2026-08-16,07:00:12.153102,35,35,0,""
2026-08-16,08:00:14.831153,35,35,0,""
2026-08-16,09:00:16.917633,35,35,0,""
2026-08-16,10:00:37.776411,35,35,0,""
2026-08-16,11:00:29.029964,35,35,0,""
2026-08-16,12:00:31.281170,35,35,0,""
